{
  "best_epoch": 6,
  "best_val_macro_f1": 0.20225192817786966,
  "test": {
    "accuracy": 0.17063318777292577,
    "macro_f1": 0.13793180878592343,
    "loss": 2.6171247020038453
  },
  "detailed_test": {
    "per_class": {
      "A1": {
        "precision": 0.16818181818181818,
        "recall": 0.05370101596516691,
        "f1": 0.0814081408140814,
        "support": 1378
      },
      "A2": {
        "precision": 0.11090909090909092,
        "recall": 0.10166666666666667,
        "f1": 0.10608695652173913,
        "support": 600
      },
      "A3": {
        "precision": 0.453781512605042,
        "recall": 0.2697751873438801,
        "f1": 0.3383812010443864,
        "support": 1201
      },
      "A4": {
        "precision": 0.22647237401335762,
        "recall": 0.270878721859114,
        "f1": 0.2466931216931217,
        "support": 1377
      },
      "A5": {
        "precision": 0.08968609865470852,
        "recall": 0.06666666666666667,
        "f1": 0.07648183556405354,
        "support": 600
      },
      "A6": {
        "precision": 0.20588235294117646,
        "recall": 0.08166666666666667,
        "f1": 0.11694510739856802,
        "support": 600
      },
      "A7": {
        "precision": 0.2153846153846154,
        "recall": 0.09333333333333334,
        "f1": 0.13023255813953488,
        "support": 600
      },
      "A8": {
        "precision": 0.2091286307053942,
        "recall": 0.42,
        "f1": 0.27922437673130196,
        "support": 600
      },
      "A9": {
        "precision": 0.09401709401709402,
        "recall": 0.4766666666666667,
        "f1": 0.157056562328391,
        "support": 600
      },
      "A10": {
        "precision": 0.09018567639257294,
        "recall": 0.0845771144278607,
        "f1": 0.08729139922978177,
        "support": 402
      },
      "A11": {
        "precision": 0.04477611940298507,
        "recall": 0.007462686567164179,
        "f1": 0.01279317697228145,
        "support": 402
      },
      "A12": {
        "precision": 0.06321839080459771,
        "recall": 0.01375,
        "f1": 0.022587268993839837,
        "support": 800
      }
    },
    "confusion_matrix": [
      [
        74,
        38,
        197,
        603,
        24,
        23,
        29,
        96,
        264,
        28,
        1,
        1
      ],
      [
        7,
        61,
        19,
        92,
        21,
        4,
        8,
        84,
        224,
        48,
        14,
        18
      ],
      [
        66,
        94,
        324,
        295,
        20,
        13,
        7,
        136,
        191,
        1,
        0,
        54
      ],
      [
        270,
        70,
        121,
        373,
        28,
        16,
        20,
        78,
        321,
        21,
        7,
        52
      ],
      [
        0,
        90,
        31,
        60,
        40,
        6,
        5,
        90,
        204,
        27,
        17,
        30
      ],
      [
        4,
        11,
        1,
        14,
        54,
        49,
        26,
        244,
        167,
        26,
        1,
        3
      ],
      [
        0,
        41,
        9,
        12,
        21,
        2,
        56,
        29,
        379,
        46,
        4,
        1
      ],
      [
        2,
        35,
        0,
        1,
        33,
        54,
        28,
        252,
        184,
        10,
        0,
        1
      ],
      [
        4,
        1,
        9,
        39,
        71,
        34,
        15,
        78,
        286,
        59,
        2,
        2
      ],
      [
        1,
        22,
        1,
        25,
        30,
        9,
        12,
        26,
        238,
        34,
        4,
        0
      ],
      [
        8,
        23,
        0,
        23,
        32,
        10,
        25,
        22,
        237,
        18,
        3,
        1
      ],
      [
        4,
        64,
        2,
        110,
        72,
        18,
        29,
        70,
        347,
        59,
        14,
        11
      ]
    ]
  },
  "input_shape": {
    "channels": 270,
    "seq_len": 256
  },
  "label_encoding": {
    "classes": [
      "A1",
      "A2",
      "A3",
      "A4",
      "A5",
      "A6",
      "A7",
      "A8",
      "A9",
      "A10",
      "A11",
      "A12"
    ],
    "to_index": {
      "A1": 0,
      "A2": 1,
      "A3": 2,
      "A4": 3,
      "A5": 4,
      "A6": 5,
      "A7": 6,
      "A8": 7,
      "A9": 8,
      "A10": 9,
      "A11": 10,
      "A12": 11
    }
  },
  "dataset": {
    "split_mode": "environment",
    "feature_mode": "amp_log_sincos",
    "motion_detrend": false,
    "temporal_diff": false,
    "packet_step": 2,
    "max_windows_per_trial": 8,
    "num_classes": 12,
    "classes": [
      "A1",
      "A2",
      "A3",
      "A4",
      "A5",
      "A6",
      "A7",
      "A8",
      "A9",
      "A10",
      "A11",
      "A12"
    ],
    "class_to_activity": {
      "A1": 1,
      "A2": 2,
      "A3": 3,
      "A4": 4,
      "A5": 5,
      "A6": 6,
      "A7": 7,
      "A8": 8,
      "A9": 9,
      "A10": 10,
      "A11": 11,
      "A12": 12
    },
    "num_trials_total": 9000,
    "num_trials_train": 4800,
    "num_trials_val": 1200,
    "num_trials_test": 3000,
    "num_windows_train": 14823,
    "num_windows_val": 3596,
    "num_windows_test": 9160,
    "label_counts_train": {
      "A1": 2162,
      "A2": 979,
      "A3": 1958,
      "A4": 2166,
      "A5": 978,
      "A6": 982,
      "A7": 1001,
      "A8": 998,
      "A9": 980,
      "A10": 675,
      "A11": 675,
      "A12": 1269
    },
    "label_counts_val": {
      "A1": 525,
      "A2": 240,
      "A3": 480,
      "A4": 520,
      "A5": 240,
      "A6": 240,
      "A7": 240,
      "A8": 240,
      "A9": 240,
      "A10": 160,
      "A11": 160,
      "A12": 311
    },
    "label_counts_test": {
      "A1": 1378,
      "A2": 600,
      "A3": 1201,
      "A4": 1377,
      "A5": 600,
      "A6": 600,
      "A7": 600,
      "A8": 600,
      "A9": 600,
      "A10": 402,
      "A11": 402,
      "A12": 800
    }
  },
  "note": "Phase 2 multiclass activity model with gamma-2.5 attention baseline stack."
}