{
  "best_epoch": 12,
  "best_val_macro_f1": 0.3159356788966336,
  "test": {
    "accuracy": 0.22390829694323144,
    "macro_f1": 0.17589992719528152,
    "loss": 3.8616103714209977
  },
  "detailed_test": {
    "per_class": {
      "C1_A1": {
        "precision": 0.06276150627615062,
        "recall": 0.0375,
        "f1": 0.046948356807511735,
        "support": 400
      },
      "C1_A2": {
        "precision": 0.16037735849056603,
        "recall": 0.028333333333333332,
        "f1": 0.04815864022662889,
        "support": 600
      },
      "C1_A3": {
        "precision": 0.19248826291079812,
        "recall": 0.06833333333333333,
        "f1": 0.1008610086100861,
        "support": 600
      },
      "C2_A3": {
        "precision": 0.16666666666666666,
        "recall": 0.014975041597337771,
        "f1": 0.02748091603053435,
        "support": 601
      },
      "C2_A4": {
        "precision": 0.0684931506849315,
        "recall": 0.05,
        "f1": 0.057803468208092484,
        "support": 400
      },
      "C2_A5": {
        "precision": 0.34523809523809523,
        "recall": 0.04833333333333333,
        "f1": 0.0847953216374269,
        "support": 600
      },
      "C3_A6": {
        "precision": 0.38104448742746616,
        "recall": 0.3283333333333333,
        "f1": 0.35273052820053713,
        "support": 600
      },
      "C3_A7": {
        "precision": 0.3354564755838641,
        "recall": 0.5266666666666666,
        "f1": 0.4098573281452659,
        "support": 600
      },
      "C3_A8": {
        "precision": 0.3347457627118644,
        "recall": 0.5266666666666666,
        "f1": 0.40932642487046633,
        "support": 600
      },
      "C3_A9": {
        "precision": 0.17266187050359713,
        "recall": 0.16,
        "f1": 0.16608996539792387,
        "support": 600
      },
      "C4_A1": {
        "precision": 0.17559739319333817,
        "recall": 0.49591002044989774,
        "f1": 0.25935828877005346,
        "support": 978
      },
      "C4_A4": {
        "precision": 0.2509448223733938,
        "recall": 0.3398157625383828,
        "f1": 0.288695652173913,
        "support": 977
      },
      "C4_A10": {
        "precision": 0.13978494623655913,
        "recall": 0.16169154228855723,
        "f1": 0.14994232987312572,
        "support": 402
      },
      "C4_A11": {
        "precision": 0.10569105691056911,
        "recall": 0.09701492537313433,
        "f1": 0.10116731517509728,
        "support": 402
      },
      "C5_A12": {
        "precision": 0.25170068027210885,
        "recall": 0.0925,
        "f1": 0.13528336380255943,
        "support": 800
      }
    },
    "confusion_matrix": [
      [
        15,
        0,
        23,
        14,
        24,
        0,
        0,
        10,
        1,
        23,
        176,
        99,
        4,
        10,
        1
      ],
      [
        10,
        17,
        15,
        1,
        35,
        4,
        0,
        28,
        5,
        89,
        213,
        42,
        65,
        38,
        38
      ],
      [
        23,
        10,
        41,
        7,
        15,
        0,
        0,
        2,
        0,
        17,
        301,
        166,
        4,
        9,
        5
      ],
      [
        12,
        10,
        17,
        9,
        6,
        0,
        0,
        2,
        0,
        6,
        300,
        198,
        13,
        23,
        5
      ],
      [
        2,
        0,
        2,
        0,
        20,
        1,
        0,
        28,
        4,
        4,
        224,
        78,
        18,
        12,
        7
      ],
      [
        1,
        11,
        7,
        0,
        6,
        29,
        36,
        48,
        60,
        110,
        137,
        39,
        66,
        22,
        28
      ],
      [
        8,
        2,
        0,
        0,
        0,
        4,
        197,
        2,
        371,
        4,
        4,
        4,
        3,
        1,
        0
      ],
      [
        3,
        1,
        0,
        0,
        1,
        3,
        1,
        316,
        74,
        75,
        21,
        9,
        31,
        44,
        21
      ],
      [
        1,
        0,
        0,
        0,
        0,
        0,
        278,
        1,
        316,
        1,
        0,
        3,
        0,
        0,
        0
      ],
      [
        26,
        7,
        0,
        0,
        4,
        4,
        1,
        170,
        70,
        96,
        75,
        42,
        38,
        34,
        33
      ],
      [
        56,
        4,
        49,
        9,
        66,
        0,
        0,
        23,
        18,
        11,
        485,
        221,
        4,
        23,
        9
      ],
      [
        61,
        10,
        36,
        10,
        27,
        6,
        0,
        27,
        0,
        5,
        374,
        332,
        12,
        36,
        41
      ],
      [
        9,
        3,
        10,
        0,
        21,
        12,
        4,
        52,
        12,
        25,
        123,
        16,
        65,
        35,
        15
      ],
      [
        1,
        9,
        8,
        0,
        25,
        9,
        0,
        65,
        4,
        42,
        111,
        32,
        40,
        39,
        17
      ],
      [
        11,
        22,
        5,
        4,
        42,
        12,
        0,
        168,
        9,
        48,
        218,
        42,
        102,
        43,
        74
      ]
    ]
  },
  "input_shape": {
    "channels": 270,
    "seq_len": 256
  },
  "label_encoding": {
    "classes": [
      "C1_A1",
      "C1_A2",
      "C1_A3",
      "C2_A3",
      "C2_A4",
      "C2_A5",
      "C3_A6",
      "C3_A7",
      "C3_A8",
      "C3_A9",
      "C4_A1",
      "C4_A4",
      "C4_A10",
      "C4_A11",
      "C5_A12"
    ],
    "to_index": {
      "C1_A1": 0,
      "C1_A2": 1,
      "C1_A3": 2,
      "C2_A3": 3,
      "C2_A4": 4,
      "C2_A5": 5,
      "C3_A6": 6,
      "C3_A7": 7,
      "C3_A8": 8,
      "C3_A9": 9,
      "C4_A1": 10,
      "C4_A4": 11,
      "C4_A10": 12,
      "C4_A11": 13,
      "C5_A12": 14
    }
  },
  "dataset": {
    "split_mode": "environment",
    "feature_mode": "amp_log_sincos",
    "label_mode": "experiment_activity",
    "motion_detrend": true,
    "temporal_diff": true,
    "packet_step": 2,
    "max_windows_per_trial": 12,
    "max_windows_sampling_mode": "random",
    "phase_unwrap": true,
    "phase_centering": true,
    "subcarrier_count": 30,
    "short_sequence_pad_mode": "reflect",
    "num_classes": 15,
    "classes": [
      "C1_A1",
      "C1_A2",
      "C1_A3",
      "C2_A3",
      "C2_A4",
      "C2_A5",
      "C3_A6",
      "C3_A7",
      "C3_A8",
      "C3_A9",
      "C4_A1",
      "C4_A4",
      "C4_A10",
      "C4_A11",
      "C5_A12"
    ],
    "class_to_activity": {
      "C1_A1": 1,
      "C1_A2": 2,
      "C1_A3": 3,
      "C2_A3": 3,
      "C2_A4": 4,
      "C2_A5": 5,
      "C3_A6": 6,
      "C3_A7": 7,
      "C3_A8": 8,
      "C3_A9": 9,
      "C4_A1": 1,
      "C4_A4": 4,
      "C4_A10": 10,
      "C4_A11": 11,
      "C5_A12": 12
    },
    "class_to_experiment": {
      "C1_A1": 1,
      "C1_A2": 1,
      "C1_A3": 1,
      "C2_A3": 2,
      "C2_A4": 2,
      "C2_A5": 2,
      "C3_A6": 3,
      "C3_A7": 3,
      "C3_A8": 3,
      "C3_A9": 3,
      "C4_A1": 4,
      "C4_A4": 4,
      "C4_A10": 4,
      "C4_A11": 4,
      "C5_A12": 5
    },
    "num_trials_total": 9000,
    "num_trials_train": 4800,
    "num_trials_val": 1200,
    "num_trials_test": 3000,
    "num_windows_train": 14831,
    "num_windows_val": 3588,
    "num_windows_test": 9160,
    "label_counts_train": {
      "C1_A1": 640,
      "C1_A2": 979,
      "C1_A3": 978,
      "C2_A3": 980,
      "C2_A4": 640,
      "C2_A5": 978,
      "C3_A6": 982,
      "C3_A7": 1001,
      "C3_A8": 998,
      "C3_A9": 980,
      "C4_A1": 1529,
      "C4_A4": 1527,
      "C4_A10": 675,