{
  "mean": [
    60.55637999607656,
    68.58020852451513,
    76.46090133000712,
    83.1111195016785,
    88.34456116093263,
    92.44582407416395,
    94.61867496243627,
    95.56220362962573,
    95.71140040324178,
    95.40468189592455,
    95.27235312309841,
    94.79225104841315,
    94.05890640437538,
    93.36444039339999,
    93.23536436989605,
    92.55574971968626,
    92.16325598382413,
    91.70175071475505,
    91.02344632701245,
    90.26194485919582,
    90.7693510664352,
    90.86582727423128,
    90.8084880305307,
    90.89222154075486,
    90.4597765798977,
    90.76543115831585,
    91.17107158855478,
    91.1685343700519,
    92.5873095262118,
    93.06558257936315,
    93.67949716184854,
    93.79764767144034,
    94.62186601107778,
    95.90779131941466,
    96.42097748671478,
    96.64360656173632,
    97.50919318293924,
    98.77663553072541,
    100.00879792400815,
    101.07504075237988,
    102.1552175583249,
    103.06942378679842,
    104.0211959563555,
    105.43402677691718,
    106.45775841758184,
    107.53132637885115,
    107.90757881317286,
    108.20028573144505,
    108.24823037591281,
    107.48854226847557,
    105.1123814612913,
    101.42313275199643,
    96.16271376549233,
    88.99642433619736,
    79.66220532849029,
    70.74678947517482
  ],
  "scale": [
    38.105524441355136,
    42.866311650259064,
    47.51616035881101,
    51.253879255758335,
    54.075362125478755,
    56.20596964220415,
    57.248770900530275,
    57.54732051260981,
    57.531154660843455,
    57.163990149415355,
    56.908280102330686,
    56.327357453588654,
    55.769136293082,
    55.23498029544126,
    55.06857123606132,
    54.72710411703362,
    54.491100848400436,
    54.14513692078981,
    53.713962848104785,
    53.26605692064885,
    53.359658708615086,
    53.33442162980074,
    53.364218126436434,
    53.31827853765513,
    53.28497699600507,
    53.42273305653311,
    53.548412319564015,
    53.4226667960763,
    54.03578055665936,
    53.88849146759042,
    54.15218207636197,
    54.273080430956426,
    54.606669720200024,
    55.17735918916696,
    55.273142721101976,
    55.21326494100722,
    55.75339991011004,
    56.53347240307619,
    57.22555260013591,
    57.94490031590164,
    58.65153011459765,
    59.243031090230176,
    60.06722343441419,
    60.892599124187015,
    61.73640134650723,
    62.73947270630069,
    63.317539966636254,
    63.8813418967507,
    64.19595486073959,
    63.87377589428105,
    62.84748677767055,
    60.89585343340223,
    58.067017188365114,
    53.94316078928528,
    48.71239580492421,
    43.310355264901034
  ]
}